City_ID,City,Lat,Lng,Max Temp,Humidity,Cloudiness,Wind Speed,Country,Date
0,ushuaia,-54.8,-68.3,7.81,57,20,1.03,AR,1682283089
1,mount isa,-20.7333,139.5,21.87,43,40,3.09,AU,1682283106
2,carnarvon,-24.8667,113.6333,21.92,75,100,6.35,AU,1682283106
3,iqaluit,63.7506,-68.5145,0.85,86,100,4.63,CA,1682283106
4,pyay,18.8167,95.2167,27.98,65,29,2.8,MM,1682283106
5,west island,-12.1568,96.8225,26.99,89,40,4.12,CC,1682283106
6,nisia floresta,-6.0911,-35.2086,29.45,79,97,3.62,BR,1682283106
7,mouila,-1.8685,11.0559,24.45,90,100,0.72,GA,1682283106
8,papatowai,-46.5619,169.4708,9.23,63,46,8.74,NZ,1682283106
9,grytviken,-54.2811,-36.5092,3.64,97,100,5.34,GS,1682283107
10,port-aux-francais,-49.35,70.2167,3.98,63,44,14.43,TF,1682283107
11,pipar,26.3856,73.5378,25.12,16,0,3.47,IN,1682283107
12,ripon,54.1352,-1.5212,8.26,85,100,5.14,GB,1682283107
13,marshfield,44.6689,-90.1718,5.49,48,100,3.6,US,1682283107
14,newman,37.3138,-121.0208,25.69,48,45,2.24,US,1682283107
15,st. john's,47.5649,-52.7093,3.77,97,100,12.52,CA,1682283002
16,ulladulla,-35.35,150.4667,14.84,85,64,2.43,AU,1682283108
17,saldanha,-33.0117,17.9442,15.03,96,100,5.35,ZA,1682283108
18,quibala,-10.7337,14.98,18.58,94,100,0.94,AO,1682283108
19,blackmans bay,-43.0167,147.3167,7.07,88,44,2.58,AU,1682283108
20,isafjordur,66.0755,-23.124,1.53,65,69,2.26,IS,1682283108
21,ebon,4.582,168.6964,28.23,79,69,6.88,MH,1682283108
22,afaahiti,-17.75,-149.2833,25.93,86,100,7.48,PF,1682283108
23,lewiston orchards,46.3804,-116.9754,16.26,70,100,3.09,US,1682283108
24,longyearbyen,78.2186,15.6401,-8.09,67,0,3.6,SJ,1682283108
25,hamilton,39.1834,-84.5333,8.85,55,100,6.17,US,1682283108
26,campos belos,-13.0367,-46.7717,23.6,64,59,3.46,BR,1682283108
27,ketchikan,55.3422,-131.6461,8.26,87,100,3.6,US,1682283109
28,puerto natales,-51.7236,-72.4875,11.25,54,75,3.6,CL,1682283109
29,adamstown,-25.066,-130.1015,23.96,91,99,8.14,PN,1682283109
30,susuman,62.7833,148.1667,-5.96,86,100,4.69,RU,1682283109
31,hawaiian paradise park,19.5933,-154.9731,25.5,90,100,2.57,US,1682283109
32,sinabang,2.4803,96.3801,27.3,82,94,2.22,ID,1682283109
33,nuuk,64.1835,-51.7216,3.34,81,75,2.57,GL,1682283109
34,pandan,14.0453,124.1694,26.26,85,84,4.58,PH,1682283109
35,makhjan,17.2698,73.5003,23.25,84,39,0.56,IN,1682283109
36,batang,-6.4846,110.7083,25.91,81,100,1.91,ID,1682283109
37,bodo,67.28,14.405,-1.24,84,40,3.6,NO,1682283110
38,umluj,25.0213,37.2685,27.39,58,100,5.48,SA,1682283110
39,wailua homesteads,22.0669,-159.378,25.24,85,100,1.54,US,1682283110
40,sisimiut,66.9395,-53.6735,0.75,100,100,3.38,GL,1682283110
41,vorgashor,67.5833,63.95,-9.53,87,100,5.95,RU,1682283110
42,qaqortoq,60.7167,-46.0333,2.23,77,99,1.19,GL,1682283110
43,lerwick,60.1545,-1.1494,5.0,69,100,14.17,GB,1682283110
44,bethel,41.3712,-73.414,17.23,75,100,4.12,US,1682282920
45,marka,1.7159,44.7717,28.0,77,100,3.17,SO,1682283110
46,gizo,-8.103,156.8419,28.51,75,47,2.5,SB,1682283110
47,olyokminsk,60.3736,120.4264,-6.88,95,86,0.47,RU,1682283111
48,bilibino,68.0546,166.4372,-4.33,64,52,2.29,RU,1682283111
49,shengli,37.4564,118.4856,10.9,37,100,2.13,CN,1682283111
50,abancay,-13.6339,-72.8814,20.42,60,85,2.86,PE,1682283111
51,nar'yan-mar,67.6713,53.087,-8.18,90,25,6.4,RU,1682283111
52,edinburgh of the seven seas,-37.0676,-12.3116,17.24,81,100,13.25,SH,1682283111
53,port alfred,-33.5906,26.891,20.94,67,96,4.52,ZA,1682283111
54,melfort,52.8667,-104.6177,8.07,29,15,2.57,CA,1682283111
55,avarua,-21.2078,-159.775,26.03,65,28,4.12,CK,1682283111
56,conception bay south,47.4999,-52.9981,3.64,97,100,8.16,CA,1682283074
57,kavaratti,10.5669,72.642,28.44,71,95,4.5,IN,1682283112
58,stanley,54.868,-1.6985,5.99,83,40,6.17,GB,1682283112
59,saint-paul,-21.0096,55.2707,25.06,93,100,3.5,RE,1682283112
60,northam,51.0333,-4.2167,9.23,87,32,5.83,GB,1682283112
61,tazacorte,28.629,-17.9293,19.54,91,75,5.66,ES,1682283112
62,fort st. john,56.2499,-120.8529,5.94,87,100,4.12,CA,1682283112
63,merizo village,13.2658,144.6691,27.31,91,100,7.8,GU,1682283112
64,tiksi,71.6872,128.8694,-12.61,97,90,1.67,RU,1682283113
65,ilulissat,69.2167,-51.1,1.01,100,100,1.54,GL,1682283113
66,thompson,55.7435,-97.8558,1.09,44,20,3.6,CA,1682283113
67,albany,42.6001,-73.9662,11.47,85,100,2.47,US,1682282932
68,callao,-12.0667,-77.15,26.16,69,20,6.69,PE,1682283113
69,beardstown,40.0176,-90.4243,11.88,39,100,1.34,US,1682283113
70,san antonio de pale,-1.4014,5.6325,27.91,73,27,1.73,GQ,1682283113
71,hermanus,-34.4187,19.2345,19.33,89,100,3.39,ZA,1682283113
72,bereket,39.2446,55.5154,22.88,36,41,4.2,TM,1682283113
73,coquimbo,-29.9533,-71.3436,17.85,72,20,5.66,CL,1682283114
74,ribeira grande,38.5167,-28.7,17.22,94,75,2.06,PT,1682283114
75,katsuura,35.1333,140.3,11.7,87,100,8.73,JP,1682283114
76,vilyuchinsk,52.9306,158.4028,1.15,73,100,5.68,RU,1682283114
77,waitangi,-43.9535,-176.5597,14.9,93,100,3.58,NZ,1682283114
78,port mathurin,-19.6833,63.4167,26.2,81,11,8.55,MU,1682283114
79,manacapuru,-3.2997,-60.6206,25.21,83,97,0.95,BR,1682283114
80,ghadamis,30.1337,9.5007,22.26,18,2,5.73,LY,1682283114
81,maraba,-5.3686,-49.1178,33.1,55,20,2.06,BR,1682283115
82,punta arenas,-53.15,-70.9167,9.06,57,0,6.69,CL,1682283115
83,petropavlovsk-kamchatsky,53.0452,158.6483,0.33,80,75,1.0,RU,1682283115
84,hithadhoo,-0.6,73.0833,28.86,73,97,2.51,MV,1682283115
85,bathsheba,13.2167,-59.5167,25.34,94,75,6.69,BB,1682283115
86,cidreira,-30.1811,-50.2056,21.55,80,71,6.02,BR,1682283115
87,sierra vista,31.5545,-110.3037,28.54,11,0,8.23,US,1682283115
88,talnakh,69.4865,88.3972,0.67,92,99,3.59,RU,1682283115
89,bu'aale,1.0833,42.5833,26.39,76,51,2.03,SO,1682283115
90,arvayheer,46.2639,102.775,3.31,49,100,4.54,MN,1682283115
91,sretensk,52.2453,117.7093,-4.79,70,66,1.75,RU,1682283116
92,gotse delchev,41.5667,23.7333,8.71,94,26,0.32,BG,1682283116
93,meulaboh,4.1363,96.1285,25.47,90,100,1.45,ID,1682283116
94,ulsteinvik,62.3432,5.8487,4.39,88,100,6.71,NO,1682283116
95,dudinka,69.4058,86.1778,0.9,85,100,6.66,RU,1682283116
96,yellowknife,62.456,-114.3525,10.29,37,20,3.6,CA,1682283037
97,sikasso,10.9167,-7.0,32.46,12,8,2.08,ML,1682283116
98,port lincoln,-34.7333,135.8667,17.49,65,0,4.32,AU,1682283117
99,kitui,-1.367,38.0106,18.79,88,100,1.21,KE,1682283117
100,bridgewater,44.3835,-64.5155,10.06,78,100,5.66,CA,1682283117
101,boysun,38.2061,67.1986,15.96,35,50,1.45,UZ,1682283117
102,jamestown,42.097,-79.2353,5.57,71,100,4.63,US,1682283083
103,okhotsk,59.3833,143.3,-1.2,71,100,6.92,RU,1682283117
104,kone,-21.0595,164.8658,24.77,86,62,2.03,NC,1682283117
105,badger,64.8,-147.5333,-9.16,52,100,8.75,US,1682283117
106,shimoda,34.6667,138.95,11.17,64,76,7.16,JP,1682283118
107,ghat,24.9647,10.1728,26.36,15,100,5.1,LY,1682283118
108,de aar,-30.6497,24.0123,16.98,52,84,2.9,ZA,1682283118
109,haiku-pauwela,20.9219,-156.3051,27.01,54,20,4.12,US,1682283118
110,iskateley,67.6803,53.1512,-8.26,90,27,6.4,RU,1682283118
111,kencong,-8.2833,113.3667,24.05,92,55,1.25,ID,1682283118
112,happy valley-goose bay,53.3168,-60.3315,8.17,61,40,4.63,CA,1682283118
113,howard springs,-12.497,131.047,23.95,78,38,3.25,AU,1682283118
114,piton saint-leu,-21.2196,55.3151,23.06,78,0,1.54,RE,1682283119
115,bredasdorp,-34.5322,20.0403,17.87,82,100,2.47,ZA,1682283119
116,uacu cungo,-11.3634,15.1208,19.26,87,99,0.56,AO,1682283119
117,fortaleza,-3.7227,-38.5247,29.07,61,75,5.14,BR,1682283119
118,sovetskiy,61.3614,63.5842,-3.4,76,4,4.88,RU,1682283119
119,radviliskis,55.8167,23.5333,10.03,62,0,3.09,LT,1682283119
120,labasa,-16.4167,179.3833,27.24,67,24,2.53,FJ,1682283119
121,colac,-38.3333,143.5833,11.71,90,4,0.88,AU,1682283119
122,ust-nera,64.5667,143.2,-7.71,93,100,3.19,RU,1682283120
123,saipan,15.1355,145.701,27.39,100,75,7.2,MP,1682283120
124,mutuali,-14.8706,37.0044,19.34,95,12,1.25,MZ,1682283120
125,nejo,9.5,35.5,17.06,74,100,1.35,ET,1682283120
126,laojunmiao,39.8333,97.7333,6.06,46,100,5.97,CN,1682283120
127,taltal,-25.4,-70.4833,19.58,73,19,2.49,CL,1682283120
128,new norfolk,-42.7826,147.0587,7.73,63,9,1.63,AU,1682282878
129,kousa,25.9141,32.7636,30.05,23,99,1.49,EG,1682283120
130,weno,7.4515,151.8468,27.97,83,40,0.0,FM,1682283120
131,wainwright,52.839,-110.8572,8.53,45,100,7.56,CA,1682283121
132,fortuna,40.5982,-124.1573,13.29,87,100,1.34,US,1682283121
133,uturoa,-16.7333,-151.4333,28.13,76,99,6.52,PF,1682283121
134,havre,49.5833,0.3333,8.87,87,75,7.2,FR,1682283121
135,mulanje,-16.0316,35.5,18.62,79,8,1.99,MW,1682283121
136,zaysan,47.4667,84.8667,6.81,37,93,0.76,KZ,1682283122
137,manjeshvar,12.7,74.8833,25.38,82,10,2.39,IN,1682283122
138,sandersville,32.9815,-82.8101,24.75,30,27,2.85,US,1682282933
139,tarrafal de sao nicolau,16.5667,-24.3667,22.14,74,7,9.21,CV,1682283123
140,nova olimpia,-14.7972,-57.2881,24.32,92,100,0.5,BR,1682283123
141,olonkinbyen,70.9221,-8.7187,-4.38,59,25,6.37,SJ,1682283123
142,lompoc,34.6391,-120.4579,23.16,76,100,10.28,US,1682283032
143,chonchi,-42.6128,-73.8092,13.95,81,89,0.79,CL,1682283123
144,east london,-33.0153,27.9116,20.29,63,100,3.82,ZA,1682283124
145,waverly,42.7392,-84.6208,8.3,53,100,6.17,US,1682283124
146,kerikeri,-35.2268,173.9474,16.06,96,44,3.96,NZ,1682283124
147,piti village,13.4626,144.6933,27.49,88,75,6.69,GU,1682283124
148,yamada,39.4667,141.95,5.5,55,100,2.68,JP,1682283125
149,atafu village,-8.5421,-172.5159,28.64,72,42,2.15,TK,1682283125
150,colonia,50.9333,6.95,13.31,74,40,3.09,DE,1682283125
151,shache,38.4167,77.2406,14.28,28,0,1.93,CN,1682283125
152,kodinar,20.7903,70.7031,25.53,79,15,4.8,IN,1682283126
153,college,64.8569,-147.8028,-9.12,53,100,8.75,US,1682283126
154,masaka,-0.3338,31.7341,17.11,97,100,2.36,UG,1682283126
155,georgetown,5.4112,100.3354,26.96,94,20,3.09,MY,1682283127
156,palapag,12.5458,125.1147,25.1,90,88,2.21,PH,1682283127
157,cadale,2.7603,46.3222,28.68,75,100,3.58,SO,1682283127
158,semenov,56.7875,44.493,10.67,60,73,1.98,RU,1682283128
159,chiredzi,-21.05,31.6667,21.67,48,67,2.01,ZW,1682283128
160,zeya,53.75,127.2667,-3.23,66,15,2.4,RU,1682283128
161,figuig (centre),32.1089,-1.2286,22.25,33,92,1.05,MA,1682283129
162,termas de rio hondo,-27.4998,-64.8604,14.78,95,100,2.49,AR,1682282901
163,queenstown,-31.8976,26.8753,14.85,61,98,0.82,ZA,1682283129
164,paracuru,-3.41,-39.0306,28.39,83,100,4.22,BR,1682283129
165,tatarbunary,45.8373,29.6142,10.02,70,80,2.53,UA,1682283129
166,port elizabeth,-33.918,25.5701,20.61,84,0,1.03,ZA,1682283129
167,port macquarie,-31.4333,152.9167,16.05,82,83,4.81,AU,1682283029
168,kuta,-8.7233,115.1723,26.97,94,20,4.12,ID,1682283130
169,veraval,20.9,70.3667,26.03,81,36,5.67,IN,1682283130
170,dadukou,26.5479,101.7054,17.15,54,70,0.91,CN,1682283131
171,hauterive,46.0901,3.4459,13.42,82,96,3.27,FR,1682283131
172,krasyliv,49.6519,26.9725,9.48,71,74,3.04,UA,1682283131
173,vadso,70.0744,29.7487,-1.91,80,40,9.26,NO,1682283131
174,kuqa,41.7278,82.9364,10.79,31,47,3.57,CN,1682283132
175,sao jose da coroa grande,-8.8978,-35.1478,25.9,81,70,4.04,BR,1682283132
176,kristiansund,63.1115,7.732,3.36,81,75,5.66,NO,1682283119
177,san pedro pochutla,15.7333,-96.4667,32.06,61,84,4.45,MX,1682283133
178,cabo san lucas,22.8909,-109.9124,32.01,44,53,3.12,MX,1682283133
179,maputo,-25.9653,32.5892,22.35,84,0,2.68,MZ,1682283133
180,tanout,14.9709,8.8879,30.8,8,32,3.83,NE,1682283133
181,east grand forks,47.93,-97.0245,6.02,57,75,5.14,US,1682283031
182,sur,22.5667,59.5289,27.63,59,96,6.54,OM,1682283134
183,flying fish cove,-10.4217,105.6791,26.84,81,30,7.06,CX,1682283134
184,la passe,45.5549,-0.8967,13.13,87,24,6.15,FR,1682283134
185,andergrove,-21.0833,149.1833,22.03,77,100,10.3,AU,1682282935
186,trail,49.0998,-117.7022,10.37,85,100,0.87,CA,1682283135
187,conduaga,8.862,117.4893,25.68,86,55,1.21,PH,1682283135
188,akureyri,65.6835,-18.0878,3.96,48,0,5.14,IS,1682283135
189,medicine hat,50.0501,-110.6683,14.56,30,75,8.23,CA,1682283135
190,naze,28.3667,129.4833,20.51,81,31,5.95,JP,1682283136
191,brasilia de minas,-16.2064,-44.4333,23.08,62,85,2.68,BR,1682283136
192,aasiaat,68.7098,-52.8699,0.32,98,100,5.13,GL,1682283136
193,fort mcmurray,56.7268,-111.381,11.77,28,20,8.23,CA,1682283136
194,thunder bay,48.4001,-89.3168,0.99,55,100,2.06,CA,1682282902
195,sen monorom,12.45,107.2,20.09,82,32,0.64,KH,1682283137
196,kenai,60.5544,-151.2583,1.05,47,75,9.77,US,1682283137
197,villa gesell,-37.2639,-56.973,17.81,80,44,4.53,AR,1682283137
198,walvis bay,-22.9575,14.5053,18.53,72,100,3.6,NA,1682283137
199,lebu,-37.6167,-73.65,13.78,77,0,5.99,CL,1682282894
200,karakocan,38.9558,40.0386,9.93,89,46,1.76,TR,1682283138
201,homer,59.6425,-151.5483,0.94,61,100,4.92,US,1682283138
202,invercargill,-46.4,168.35,11.68,82,85,0.89,NZ,1682282859
203,keflavik,64.0049,-22.5624,5.95,70,0,2.06,IS,1682283139
204,turpan,42.9333,89.1667,14.06,23,0,1.3,CN,1682283139
205,puerto ayora,-0.7393,-90.3518,29.98,86,69,3.58,EC,1682283139
206,sonargaon,23.6422,90.6023,24.03,74,13,1.57,BD,1682283140
207,khamis mushait,18.3064,42.7292,18.34,39,0,3.09,SA,1682282957
208,uberlandia,-18.9186,-48.2772,24.56,60,75,3.09,BR,1682283140
209,petrovsk,52.3064,45.3917,11.13,52,68,2.01,RU,1682283140
210,freetown,8.484,-13.2299,27.06,78,0,4.67,SL,1682283140
211,kutum,14.2,24.6667,27.97,14,25,2.85,SD,1682283141
212,nemuro,43.3236,145.575,1.81,82,47,4.48,JP,1682283141
213,acapulco de juarez,16.8634,-99.8901,30.9,62,0,5.66,MX,1682283141
214,udachny,66.4167,112.4,-13.03,99,100,0.88,RU,1682283141
215,faya-largeau,17.9257,19.1043,32.31,9,1,3.45,TD,1682283142
216,jabor,5.921,169.6434,28.17,81,96,8.99,MH,1682283142
217,mollendo,-17.0231,-72.0147,22.18,78,7,4.73,PE,1682283142
218,alice springs,-23.7,133.8833,8.75,87,0,2.36,AU,1682283143
219,ceres,37.5949,-120.9577,25.68,49,0,6.17,US,1682283143
220,barclayville,4.6797,-8.2339,25.97,89,93,1.49,LR,1682283143
221,newala kisimani,-10.95,39.2833,19.3,98,10,1.46,TZ,1682283143
222,enewetak,11.3474,162.3373,27.09,84,93,8.59,MH,1682283143
223,bushehr,28.9684,50.8385,23.05,64,0,2.06,IR,1682283144
224,babu,24.4167,111.5167,14.01,95,100,3.46,CN,1682283144
225,chortoq,41.0666,71.8553,15.97,29,88,2.56,UZ,1682283144
226,tash-kumyr,41.3461,72.2171,17.41,36,84,3.11,KG,1682283145
227,anadyr,64.75,177.4833,-4.72,79,40,6.0,RU,1682283145
228,qarqaraly,49.4058,75.4742,7.21,30,41,4.62,KZ,1682283145
229,richards bay,-28.783,32.0377,19.24,81,10,1.46,ZA,1682283145
230,huarmey,-10.0681,-78.1522,26.59,73,27,5.08,PE,1682283145
231,nikolayevsk-on-amure,53.1406,140.73,-0.75,74,25,5.02,RU,1682283146
232,aghstafa,41.1189,45.4539,14.92,68,94,1.49,AZ,1682283146
233,luderitz,-26.6481,15.1594,18.03,51,100,2.56,NA,1682283146
234,barela,23.1,80.05,23.88,43,67,1.62,IN,1682283146
235,margaret river,-33.95,115.0667,13.19,79,100,7.22,AU,1682283146
236,filipstad,59.7124,14.1683,8.06,95,100,3.16,SE,1682283147
237,kodiak,57.79,-152.4072,3.73,41,0,7.2,US,1682283147
238,mana,5.6592,-53.7767,23.38,96,100,0.42,GF,1682283147
239,fond parisien,18.5058,-71.9767,28.98,43,19,5.61,HT,1682283147
240,nagqu,31.5,92.0,-5.0,31,100,5.0,CN,1682283147
241,luanda,-8.8368,13.2343,28.0,78,40,3.6,AO,1682282871
242,teguise,29.0605,-13.564,17.12,68,20,7.72,ES,1682283148
243,palafrugell,41.9174,3.1631,15.2,49,58,1.34,ES,1682283148
244,minas de marcona,-15.2119,-75.1103,21.59,59,1,6.81,PE,1682283148
245,misratah,32.3754,15.0925,17.35,72,82,4.01,LY,1682283149
246,ola,59.5833,151.2833,1.02,68,87,9.18,RU,1682283149
247,woolgoolga,-30.1106,153.2007,18.36,74,82,7.32,AU,1682283149
248,san patricio,28.017,-97.5169,21.02,84,100,6.01,US,1682283150
249,derbent,42.0678,48.2899,12.46,75,84,3.55,RU,1682283150
250,kismayo,-0.3582,42.5454,28.18,76,100,2.83,SO,1682283150
251,puerto deseado,-47.7503,-65.8938,15.24,48,98,4.36,AR,1682283094
252,bahawalnagar,30.5508,73.3908,23.18,20,0,1.5,PK,1682283150
253,salym,60.0625,71.4789,3.89,98,100,3.79,RU,1682283150
254,holualoa,19.6228,-155.9522,24.91,81,75,4.63,US,1682282896
255,luorong,24.4058,109.6086,15.44,93,100,4.76,CN,1682283151
256,necochea,-38.5473,-58.7368,14.97,80,0,4.16,AR,1682283151
257,marsa alam,25.0757,34.8918,25.5,52,55,3.49,EG,1682283152
258,nadym,65.5333,72.5167,1.19,97,100,7.31,RU,1682283152
259,az zuwaytinah,30.9522,20.1202,22.19,50,3,6.77,LY,1682283152
260,hasaki,35.7333,140.8333,11.27,65,100,8.22,JP,1682283153
261,grand falls-windsor,48.9332,-55.6649,2.5,93,100,1.34,CA,1682283153
262,gilgit,35.9221,74.3087,11.44,39,0,2.35,PK,1682283153
263,auki,-8.7676,160.7034,26.94,84,56,1.75,SB,1682283153
264,san carlos del zulia,9.0,-71.9135,28.82,69,97,4.29,VE,1682283154
265,pimentel,-6.8367,-79.9342,31.16,51,20,6.17,PE,1682283154
266,sandnessjoen,66.0217,12.6316,1.29,66,20,5.66,NO,1682283154
267,rio grande,-32.035,-52.0986,24.06,83,100,5.06,BR,1682283063
268,nabire,-3.3667,135.4833,24.28,93,80,0.87,ID,1682283154
269,whitehorse,60.7161,-135.0538,5.43,75,100,4.12,CA,1682283133
270,san ignacio,17.1561,-89.0714,38.08,32,0,3.09,BZ,1682283019
271,arraial do cabo,-22.9661,-42.0278,24.92,61,0,4.12,BR,1682283155
272,mount pearl,47.5166,-52.7813,3.31,97,100,8.75,CA,1682283155
273,tanjung sepat,2.6579,101.5629,26.08,89,40,0.0,MY,1682283156
274,kasama,-10.2129,31.1808,16.47,95,100,1.44,ZM,1682283156
275,yamba,-5.9,22.3,21.47,99,100,0.83,CD,1682283156
276,hargeysa,9.56,44.065,22.99,69,74,1.82,SO,1682283156
277,kourou,5.1552,-52.6478,26.03,92,100,0.74,GF,1682283156
278,parasia,22.2,78.7667,22.3,43,66,2.1,IN,1682283157
279,hun,29.1268,15.9477,19.59,57,4,6.2,LY,1682283157
280,vernon,50.2581,-119.2691,9.61,82,100,1.54,CA,1682283086
281,pruzhany,52.5567,24.4644,11.73,63,8,4.61,BY,1682283157
282,tromso,69.6496,18.957,-0.99,69,75,7.72,NO,1682283157
283,beira,-19.8436,34.8389,23.05,100,0,1.54,MZ,1682283073
284,saint croix,17.7397,-64.7388,28.25,75,75,5.14,VI,1682283157
285,madarounfa,13.3087,7.156,33.99,23,29,3.52,NE,1682283157
286,sinjar,36.3209,41.8754,20.83,40,100,2.89,IQ,1682283157
287,galeras,9.161,-75.0481,30.2,56,100,3.76,CO,1682283158
288,dawson creek,55.7666,-120.2362,6.8,76,100,5.14,CA,1682282875
289,galliano,29.4422,-90.2992,25.0,50,0,3.6,US,1682283158
290,puerto madero,14.7208,-92.4215,30.59,57,49,5.74,MX,1682283158
291,binhe,32.6883,112.8275,5.88,93,100,6.66,CN,1682283158
292,lagoa,39.05,-27.9833,16.58,91,100,5.06,PT,1682283158
293,suva,-18.1416,178.4415,24.71,83,20,1.54,FJ,1682283158
294,nova vicosa,-17.8919,-39.3719,24.65,78,75,6.32,BR,1682283101
295,pitimbu,-7.4706,-34.8086,29.33,76,99,4.87,BR,1682283006
296,cipo,-11.0997,-38.5136,26.69,56,14,5.06,BR,1682283159
297,plainview,40.7765,-73.4673,20.37,64,75,6.17,US,1682283045
298,dowagiac,41.9842,-86.1086,6.38,73,98,5.1,US,1682283159
299,buka,40.8108,69.1986,18.35,31,90,0.82,UZ,1682283159
300,utrik,11.2278,169.8474,27.01,82,61,9.96,MH,1682283159
301,fale old settlement,-9.3852,-171.2468,28.58,74,24,2.6,TK,1682283159
302,santiago de cao,-7.9589,-79.2392,26.07,69,75,5.66,PE,1682283159
303,taoudenni,22.6783,-3.9836,31.22,9,0,2.04,ML,1682283159
304,sitka,57.0531,-135.33,8.94,71,100,2.57,US,1682283159
305,yantzaza,-3.8278,-78.7594,25.28,87,100,1.19,EC,1682283159
306,cape coast,5.1053,-1.2466,28.08,82,100,4.89,GH,1682283160
307,kassala,15.451,36.4,31.72,34,100,4.36,SD,1682283160
308,tangub,8.06,123.75,23.96,94,25,0.82,PH,1682283160
309,kyzyl-mazhalyk,51.1333,90.6,0.81,56,21,0.14,RU,1682283160
310,argo,37.6333,22.7333,14.32,80,30,0.55,GR,1682283160
311,thames,-37.1333,175.5333,15.25,65,68,7.07,NZ,1682283160
312,varde,55.6211,8.4807,9.37,92,98,3.09,DK,1682283160
313,kadnikov,59.5022,40.338,10.22,71,100,2.3,RU,1682283161
314,port hedland,-20.3167,118.5667,22.03,78,75,3.09,AU,1682283161
315,la'ie,21.6477,-157.9253,27.98,67,74,0.45,US,1682283161
316,kapuskasing,49.4169,-82.4331,1.05,86,100,3.09,CA,1682283161
317,mohr,54.3528,9.7167,12.97,80,100,2.57,DE,1682283161
318,narimanov,46.6927,47.8498,11.95,50,100,2.81,RU,1682283161
319,hanzhong,33.0728,107.0303,5.66,95,100,0.58,CN,1682283161
320,guapi,2.5708,-77.8854,28.85,71,96,1.46,CO,1682283161
321,guane,22.2025,-84.0875,32.09,37,0,1.41,CU,1682283161
322,tinogasta,-28.0632,-67.5649,14.78,77,100,3.02,AR,1682283161
323,lashkar gah,31.5938,64.3716,24.28,6,100,0.36,AF,1682283162
324,uruacu,-14.5247,-49.1408,24.02,71,29,1.81,BR,1682283073
325,klyuchi,52.2667,79.1667,8.01,54,96,7.29,RU,1682283162
326,labrador city,52.9463,-66.9114,9.95,40,40,6.17,CA,1682283162
327,murghob,38.1702,73.9667,-6.36,43,6,2.3,TJ,1682283162
328,broome,42.2506,-75.833,9.6,86,100,6.17,US,1682283162
329,tura,25.5198,90.2201,18.15,74,29,1.53,IN,1682283162
330,tralee,52.2704,-9.7026,7.05,92,8,3.05,IE,1682283162
331,port isabel,26.0734,-97.2086,21.02,88,100,12.86,US,1682283162
332,les cayes,18.2,-73.75,27.67,62,71,0.99,HT,1682283162
333,trashi yangtse,27.6116,91.498,11.69,93,100,0.15,BT,1682283163
334,poinciana,28.1403,-81.4584,30.17,57,0,5.66,US,1682283163
335,waingapu,-9.6567,120.2641,25.19,87,28,4.18,ID,1682283163
336,mar del plata,-38.0023,-57.5575,18.24,86,20,2.57,AR,1682283163
337,jalpaiguri,26.5167,88.7333,20.73,79,77,2.66,IN,1682283163
338,codrington,-38.2667,141.9667,10.71,86,0,2.99,AU,1682283163
339,cukai,4.25,103.4167,25.97,87,88,0.97,MY,1682283163
340,marinhas,41.5591,-8.783,16.75,95,97,1.09,PT,1682283163
341,felipe carrillo puerto,19.5833,-88.05,34.07,35,0,4.14,MX,1682283164
342,altamont,42.2068,-121.7372,16.61,36,20,8.23,US,1682283164
343,zinder,13.8072,8.9881,30.03,12,65,2.77,NE,1682283164
344,tolanaro,-25.0319,46.9987,25.04,83,20,4.12,MG,1682283164
345,san andres,12.5847,-81.7006,30.01,62,20,3.09,CO,1682283164
346,leava,-14.3,-178.1667,27.71,77,55,5.81,WF,1682283165
347,awjilah,29.1081,21.2869,26.35,20,0,4.16,LY,1682283165
348,ojinaga,29.5667,-104.4167,25.79,35,0,7.2,MX,1682283165
349,victorica,-36.2151,-65.4359,22.85,30,1,4.73,AR,1682283165
350,longboat key,27.4125,-82.659,32.38,39,0,4.12,US,1682283165
351,leiyang,26.4024,112.8591,8.96,94,100,2.82,CN,1682283165
352,pangody,65.85,74.4859,0.98,94,100,6.67,RU,1682283165
353,linfen,36.0889,111.5189,5.44,91,100,2.58,CN,1682283165
354,puerto baquerizo moreno,-0.9,-89.6,28.55,74,75,5.14,EC,1682283165
355,cam ranh,11.9214,109.1591,25.98,83,20,2.06,VN,1682283165
356,guadix,37.2993,-3.1392,16.28,23,1,1.33,ES,1682283166
357,wendo,6.6,38.4167,14.88,84,99,0.92,ET,1682283166
358,kostomuksha,64.571,30.5767,-1.93,96,100,2.38,RU,1682283166
359,pangkalanbuun,-2.6833,111.6167,24.55,97,95,0.89,ID,1682283166
360,horta,38.5333,-28.6333,16.8,94,75,2.06,PT,1682283127
361,sao gabriel da cachoeira,-0.1303,-67.0892,28.0,76,93,1.43,BR,1682283166
362,phek,25.6667,94.5,10.22,96,96,0.99,IN,1682283166
363,sechura,-5.5569,-80.8222,26.04,80,100,5.39,PE,1682283166
364,muli,2.9167,73.5667,29.13,71,97,3.77,MV,1682283166
365,prince albert,53.2001,-105.7677,8.97,31,75,6.17,CA,1682283166
366,palikir - national government center,6.9248,158.1611,24.41,88,100,1.54,FM,1682283148
367,krasnopavlivka,49.1372,36.3272,9.68,78,39,1.45,UA,1682283167
368,mondlo,-27.983,30.7177,11.8,73,28,1.46,ZA,1682283167
369,laem sing,12.4816,102.0738,28.28,80,63,2.04,TH,1682283167
370,frenda,35.0654,1.0495,16.43,52,100,2.13,DZ,1682283167
371,side,36.7667,31.3885,16.58,72,80,1.0,TR,1682283167
372,ouadda,8.0777,22.4007,20.18,94,100,1.14,CF,1682283167
373,usinsk,65.9939,57.5281,-7.45,92,97,5.65,RU,1682283167
374,yuzhno-kurilsk,44.0306,145.8556,1.98,82,67,5.24,RU,1682283168
375,malvan,16.0667,73.4667,25.94,74,11,4.05,IN,1682283168
376,kalispell,48.1958,-114.3129,14.05,39,0,6.17,US,1682283168
377,yeniseysk,58.4497,92.1703,-0.61,91,100,2.09,RU,1682283168
378,igarka,67.4667,86.5833,-0.1,92,99,6.06,RU,1682283168
379,kalmunai,7.4167,81.8167,27.5,77,100,1.62,LK,1682283168
380,kapa'a,22.0752,-159.319,25.99,85,100,1.54,US,1682283168
381,talcahuano,-36.7167,-73.1167,17.82,63,0,3.09,CL,1682283168
382,amungan,15.3652,119.9582,26.47,76,32,1.77,PH,1682283168
383,ronne,55.1009,14.7066,3.95,100,20,1.03,DK,1682283142
384,guisa,20.255,-76.5386,25.99,53,58,3.56,CU,1682283169
385,inarajan village,13.2736,144.7484,27.54,91,100,7.66,GU,1682283169
386,amos,48.5669,-78.1162,7.2,74,93,3.39,CA,1682282997
387,aral,40.5156,81.2636,13.18,14,32,4.16,CN,1682283169
388,ad dilam,23.9915,47.1627,29.23,35,8,4.0,SA,1682283169
389,san luis de la loma,17.2706,-100.8939,30.67,56,8,3.65,MX,1682283169
390,antsiranana,-12.2787,49.2917,24.47,93,14,3.18,MG,1682283169
391,geraldton,-28.7667,114.6,21.23,68,75,7.2,AU,1682283169
392,caleta de carquin,-11.0925,-77.6267,25.74,72,20,5.24,PE,1682283169
393,kharkhorin,47.1975,102.8238,-0.07,55,100,4.92,MN,1682283169
394,sinjai,-5.1241,120.253,24.89,87,78,1.5,ID,1682283169
395,arica,-18.475,-70.3042,26.75,68,0,5.14,CL,1682283027
396,suklayin,15.7574,121.5503,24.87,94,90,2.42,PH,1682283170
397,taguatinga,-12.3857,-46.5711,26.48,56,83,3.8,BR,1682283170
398,vorkuta,67.5,64.0,-9.39,87,100,5.9,RU,1682283170
399,cannonvale,-20.2833,148.7,23.66,72,92,10.61,AU,1682283170
400,port saint john's,-31.6229,29.5448,19.28,75,73,3.37,ZA,1682283170
401,peshawar,34.008,71.5785,21.08,56,0,2.06,PK,1682283170
402,lakatoro,-16.0999,167.4164,27.06,76,70,2.42,VU,1682283170
403,nova sintra,14.8667,-24.7167,20.34,76,4,11.52,CV,1682283171
404,siavonga,-16.5382,28.7088,25.49,58,97,1.34,ZM,1682283171
405,ormara,25.2088,64.6357,25.96,86,93,3.23,PK,1682283171
406,san antonio,29.4241,-98.4936,18.25,66,100,8.23,US,1682282977
407,mbanza-ngungu,-5.25,14.8667,20.17,95,100,0.76,CD,1682283171
408,zandvoort,52.3749,4.5341,11.1,91,75,4.63,NL,1682283171
409,palmer,42.1584,-72.3287,12.03,83,100,6.69,US,1682283171
410,prince rupert,54.3161,-130.3201,8.05,86,100,9.77,CA,1682283007
411,laguna,38.421,-121.4238,27.3,45,0,4.12,US,1682283172
412,leskovac,42.9981,21.9461,15.77,82,95,2.44,RS,1682283172
413,rikaze,29.25,88.8833,3.35,28,100,0.46,CN,1682283172
414,tannum sands,-23.9504,151.3693,20.94,64,43,6.17,AU,1682283172
415,mogok,22.9167,96.5,15.59,84,9,0.55,MM,1682283172
416,alofi,-19.0595,-169.9187,25.94,73,40,6.17,NU,1682283172
417,shingu,33.7333,135.9833,9.7,52,85,2.8,JP,1682283172
418,viale,-31.8678,-60.0072,21.1,54,100,0.91,AR,1682283172
419,severo-yeniseyskiy,60.3725,93.0408,0.13,86,100,3.09,RU,1682283172
420,saynshand,44.8824,110.1163,6.81,18,100,3.12,MN,1682283173
421,fort bragg,35.139,-79.006,24.34,31,0,6.69,US,1682283173
422,malanje,-9.5402,16.341,18.78,96,94,1.18,AO,1682283173
423,mananjary,-21.2167,48.3333,24.15,91,31,2.59,MG,1682283173
424,suances,43.4334,-4.0434,14.43,88,75,3.09,ES,1682283173
425,fada,9.5667,8.3,22.64,80,99,0.72,NG,1682283173
426,matoury,4.8483,-52.3317,25.98,89,75,1.54,GF,1682283173
427,steinkjer,64.193,11.3851,0.29,94,100,2.4,NO,1682283173
428,guiuan,11.0333,125.7247,28.39,75,47,4.75,PH,1682283173
429,wamba,8.9333,8.6,24.38,81,71,1.8,NG,1682283174
430,constantia,44.1833,28.65,8.38,76,11,3.28,RO,1682283174
431,mossel bay,-34.1831,22.146,18.96,74,100,2.56,ZA,1682283174
432,kingston,17.997,-76.7936,29.02,71,91,1.34,JM,1682282943
433,sao raimundo nonato,-9.0153,-42.6994,25.41,59,46,1.6,BR,1682283174
434,ancud,-41.8697,-73.8203,12.36,74,85,0.21,CL,1682283174
435,hola,51.5377,23.1902,12.68,73,84,5.32,PL,1682283174
436,faranah,10.0404,-10.7434,29.59,20,9,1.42,GN,1682283174
437,lihue,21.9789,-159.3672,25.58,86,100,1.54,US,1682283174
438,strezhevoy,60.7333,77.5889,3.03,98,100,4.5,RU,1682283175
439,veshenskaya,49.6303,41.7334,8.97,75,52,1.74,RU,1682283175
440,napanee,44.2501,-76.9494,12.54,52,7,5.17,CA,1682283000
441,ixtapa,20.7,-105.2,32.75,29,89,4.18,MX,1682283175
442,ilha de mocambique,-15.0342,40.7358,26.17,76,2,4.26,MZ,1682283175
443,domna,51.8971,113.1573,-5.91,62,33,4.0,RU,1682283175
444,bolands,17.0657,-61.8747,29.86,58,40,5.14,AG,1682283175
445,inhambane,-23.865,35.3833,22.45,90,3,3.02,MZ,1682283175
446,novaya igirma,57.1334,103.9112,-8.81,94,26,1.27,RU,1682283175
447,tilcara,-23.5776,-65.3509,9.41,63,62,2.8,AR,1682283176
448,cole harbour,44.6724,-63.4751,13.66,75,81,3.6,CA,1682283176
449,juan aldama,24.2908,-103.3944,27.46,8,12,5.56,MX,1682283176
450,taroa,8.7058,171.2275,27.77,81,63,9.38,MH,1682283176
451,nuevo ideal,24.8875,-105.0728,27.25,10,4,4.67,MX,1682283176
452,madang,-5.2246,145.7966,24.81,91,100,1.68,PG,1682283176
453,bojnurd,37.4747,57.329,12.97,76,0,2.06,IR,1682283176
454,canutama,-6.5339,-64.3831,26.87,89,81,1.06,BR,1682283176
455,tsiombe,-25.3,45.4833,21.57,83,100,1.98,MG,1682283176
456,smithers,54.7804,-127.1743,8.18,81,100,0.0,CA,1682283016
457,manggar,-2.8833,108.2667,27.39,82,87,2.31,ID,1682283177
458,hounde,11.5,-3.5167,33.39,9,4,1.76,BF,1682283177
459,lillehammer,61.1146,10.4674,2.16,99,100,0.51,NO,1682283177
460,hassi messaoud,31.6804,6.0729,24.92,22,0,2.06,DZ,1682283177
461,khash,28.2211,61.2158,22.34,25,92,6.59,IR,1682283177
462,weligama,5.9667,80.4167,26.34,88,100,1.05,LK,1682283177
463,barakani,-12.1356,44.4317,27.07,80,81,2.17,KM,1682283177
464,remire-montjoly,4.9167,-52.2667,26.02,89,75,1.54,GF,1682283177
465,federal,-30.9547,-58.7833,20.98,59,100,3.12,AR,1682283178
466,tarasovskiy,48.7292,40.3636,8.13,84,56,1.34,RU,1682283178
467,banda aceh,5.5577,95.3222,27.35,78,79,1.23,ID,1682283178
468,namibe,-15.1961,12.1522,24.19,67,95,5.44,AO,1682283178
469,ballina,-28.8667,153.5667,22.0,62,79,8.22,AU,1682283178
470,tyukhtet,56.5389,89.3011,1.51,78,100,2.6,RU,1682283178
471,chinde,26.8418,88.0763,13.34,78,12,1.71,NP,1682283178
472,rusape,-18.5278,32.1284,15.55,61,99,0.59,ZW,1682283178
473,al mindak,20.1588,41.2834,15.78,62,8,1.12,SA,1682283178
474,nizhneudinsk,54.9076,99.0276,-3.1,91,4,1.52,RU,1682283178
475,noosa heads,-26.3833,153.15,21.17,70,8,10.05,AU,1682282984
476,kruisfontein,-34.0033,24.7314,19.38,71,99,1.24,ZA,1682283179
477,mitu,1.1983,-70.1733,26.14,88,89,0.48,CO,1682283179
478,crane,31.3974,-102.3501,9.52,70,100,4.82,US,1682283179
479,chyhyryn,49.0838,32.6555,10.26,69,21,0.57,UA,1682283179
480,dazhong,33.1997,120.4578,10.98,71,100,4.54,CN,1682283179
481,denison,33.7557,-96.5367,14.9,62,75,2.68,US,1682283179
482,bom jardim,-7.7958,-35.5872,23.41,80,37,4.08,BR,1682283179
483,urumqi,43.801,87.6005,6.53,39,0,2.0,CN,1682283179
484,live oak,36.9836,-121.9805,24.55,66,40,2.06,US,1682283179
485,lae,-6.7221,146.9847,23.37,80,100,3.46,PG,1682283180
486,sonoita,31.85,-112.8333,32.39,10,23,7.26,MX,1682283180
487,saint-pierre,-21.3393,55.4781,24.82,78,0,1.54,RE,1682283180
488,benguela,-12.5763,13.4055,26.45,83,98,1.43,AO,1682283180
489,barrouallie,13.2333,-61.2667,22.79,94,75,2.06,VC,1682283180
490,gadzhiyevo,69.2551,33.3362,-3.98,88,71,8.42,RU,1682283180
491,williams lake,52.1415,-122.1445,10.76,71,100,6.17,CA,1682283180
492,tazovsky,67.4667,78.7,0.12,98,100,7.16,RU,1682283180
493,shaowu,27.3409,117.4831,15.61,97,100,1.91,CN,1682283181
494,zaozersk,69.4005,32.4476,-4.45,88,75,6.81,RU,1682283181
495,sao joao da barra,-21.6403,-41.0511,22.05,71,18,4.63,BR,1682283181
496,gobabis,-22.45,18.9667,25.58,36,100,1.18,NA,1682283181
497,saint-philippe,-21.3585,55.7679,24.77,74,100,3.25,RE,1682283181
498,shasta lake,40.6804,-122.3708,27.01,33,7,0.45,US,1682283181
499,el calafate,-50.3408,-72.2768,9.33,85,54,1.46,AR,1682283181
500,tamiahua,21.2667,-97.45,29.73,68,75,5.83,MX,1682283182
501,basco,20.4487,121.9702,24.54,75,16,6.06,PH,1682283182
502,vila velha,-20.3297,-40.2925,23.97,87,75,2.57,BR,1682283182
503,ajdabiya,30.7554,20.2263,23.62,36,2,5.58,LY,1682283183
504,illizi,26.4833,8.4667,25.08,16,97,3.75,DZ,1682283183
505,mae hong son,19.3003,97.9685,22.78,65,11,0.64,TH,1682283183
506,suntar,62.1444,117.6319,-12.2,100,91,0.83,RU,1682283183
507,belfast,54.5833,-5.9333,9.9,72,75,3.09,GB,1682282888
508,machico,32.7,-16.7667,19.28,81,40,2.57,PT,1682283143
509,saudarkrokur,65.7461,-19.6394,0.78,68,31,1.22,IS,1682283184
510,glace bay,46.1969,-59.957,9.47,72,20,5.66,CA,1682283185
511,chernyshevskiy,63.0128,112.4714,-9.33,97,100,1.92,RU,1682283185
512,ermoupolis,37.4423,24.9425,15.39,82,3,4.12,GR,1682283185
513,smara,26.7384,-11.6719,19.78,65,1,7.41,EH,1682283186
514,iowa park,33.9515,-98.6687,13.3,54,100,5.14,US,1682283186
515,san pedro,14.35,121.0167,28.57,76,75,1.54,PH,1682283186
516,gopalpur,19.2667,84.9167,25.63,72,35,2.27,IN,1682283186
517,bubaque,11.2833,-15.8333,26.2,68,0,7.67,GW,1682283186
518,odienne,9.51,-7.5692,30.35,24,14,2.9,CI,1682283187
519,mahdia,35.5047,11.0622,18.97,65,51,5.9,TN,1682283187
520,moapa valley,36.5805,-114.4703,29.26,16,35,1.81,US,1682283187
521,shangrao,28.4532,117.9686,14.16,97,100,2.08,CN,1682283187
522,essaouira,31.5125,-9.77,20.72,66,59,4.63,MA,1682283188
523,tangalle,6.024,80.7911,25.87,88,99,1.15,LK,1682283188
524,ribas do rio pardo,-20.4431,-53.7592,23.92,78,35,2.15,BR,1682283188
525,cururupu,-1.8283,-44.8683,25.74,83,100,1.96,BR,1682283188
526,mus,39.0,41.75,9.01,76,99,1.94,TR,1682283189
527,macapa,0.0389,-51.0664,27.99,83,75,1.54,BR,1682283189
528,linxia chengguanzhen,35.6003,103.2064,3.84,75,97,1.12,CN,1682283189
529,penzance,50.1186,-5.5371,8.2,78,9,6.01,GB,1682283189
530,campo verde,-20.4167,-54.0667,23.12,80,11,2.35,BR,1682283189
531,manicore,-5.8092,-61.3003,31.97,62,0,1.03,BR,1682283190
532,lincoln city,44.9582,-124.0179,12.42,82,100,2.68,US,1682283190
533,kilindoni,-7.9139,39.6668,27.25,78,83,4.2,TZ,1682283190
534,liman,48.9884,37.8023,8.5,90,42,2.36,UA,1682283190
535,coahuayana de hidalgo,18.7,-103.6583,31.65,51,15,3.65,MX,1682283190
536,gebeit,21.0667,36.3167,26.64,40,22,5.83,SD,1682283191
537,puerto aysen,-45.4,-72.7,13.03,94,100,1.26,CL,1682283191
538,spring creek,40.7266,-115.5859,14.83,43,97,2.96,US,1682283191
539,egilsstadir,65.2653,-14.3948,-0.05,64,0,4.63,IS,1682283191
540,nguigmi,14.2495,13.1092,31.65,20,11,2.55,NE,1682283192
541,selfoss,63.9331,-20.9971,5.58,86,60,2.14,IS,1682283192
542,pajapan,18.25,-94.7,35.97,41,8,3.22,MX,1682283192
543,al bayda',32.7627,21.7551,14.58,68,0,4.21,LY,1682283192
544,yelizovo,53.1873,158.3805,1.08,80,75,1.0,RU,1682283192
545,barentu,15.1139,37.5928,29.04,21,91,2.47,ER,1682283193
546,wanning,18.8003,110.3967,25.19,94,22,3.55,CN,1682283193
547,vuktyl,63.8567,57.3094,-5.58,88,14,3.66,RU,1682283193
548,levuka,50.1834,-105.4011,4.84,75,15,2.28,CA,1682283193
549,timimoun,29.2639,0.231,27.25,17,99,5.08,DZ,1682283194
550,pisco,-13.7,-76.2167,25.03,73,0,5.66,PE,1682283149
551,anacapri,40.5558,14.2136,14.58,67,0,2.57,IT,1682283194
552,sittwe,20.15,92.9,27.06,74,2,1.24,MM,1682283194
553,kysucke nove mesto,49.3,18.7833,11.94,71,0,1.03,SK,1682283195
554,beloyarskiy,63.7119,66.6722,-4.97,69,49,5.12,RU,1682283195
555,antofagasta,-23.65,-70.4,19.6,78,8,2.82,CL,1682283195
556,corfu,39.62,19.9197,13.88,88,20,0.0,GR,1682283195
557,ponta delgada,37.7333,-25.6667,18.4,94,75,6.17,PT,1682283196
558,bikenibeu village,1.3673,173.1241,27.98,78,20,3.6,KI,1682283196
559,nuku'alofa,-21.1333,-175.2,25.19,78,75,4.63,TO,1682283196
560,dubbo,-32.25,148.6167,10.07,93,5,3.6,AU,1682283196
561,salinas,36.6777,-121.6555,23.88,74,100,5.14,US,1682283164
562,cill airne,52.05,-9.5167,5.84,94,7,1.58,IE,1682283135
563,bulgan,48.8125,103.5347,-1.29,83,100,2.84,MN,1682283197
564,christchurch,-43.5333,172.6333,11.62,57,17,5.14,NZ,1682283190
565,manta,-0.95,-80.7333,26.88,83,75,2.06,EC,1682283101
566,indramayu,-6.3264,108.32,27.07,80,65,3.73,ID,1682283198
567,flin flon,54.7682,-101.865,4.91,24,0,3.6,CA,1682283198
568,erenhot,43.6475,111.9767,6.28,24,77,2.17,CN,1682283198
569,al miqdadiyah,33.9786,44.9369,27.2,31,92,2.92,IQ,1682283198
570,saint-joseph,-21.3667,55.6167,24.21,75,100,1.35,RE,1682283198
571,sakaiminato,35.55,133.2333,11.99,54,75,8.23,JP,1682283199
572,san julian,21.0167,-102.1667,29.06,10,98,8.35,MX,1682283199
573,rafiganj,24.8167,84.65,25.65,43,67,1.44,IN,1682283199
574,padang,-0.9492,100.3543,25.03,90,100,1.62,ID,1682283199
575,tsengel,49.4783,100.8894,0.31,71,100,1.18,MN,1682283199
576,monki,53.405,22.7979,11.49,68,0,4.6,PL,1682283200
577,moa,20.6569,-74.9403,26.64,62,2,4.42,CU,1682283200
578,maysville,38.6412,-83.7444,10.88,43,100,3.6,US,1682283200
579,shiqian,27.5225,108.2281,7.75,93,100,1.1,CN,1682283200
580,darwin,-12.4611,130.8418,23.99,64,0,3.6,AU,1682283029
581,mugia,43.1041,-9.2179,16.76,94,56,3.12,ES,1682283201
582,meadow lakes,61.6247,-149.6011,5.23,39,0,10.8,US,1682283201
583,kremenchuk,49.0973,33.4197,10.78,67,18,0.93,UA,1682283201
584,sao joao dos inhamuns,-6.0,-40.2833,25.57,57,100,4.46,BR,1682283201
585,dunedin,-45.8742,170.5036,11.56,10,16,8.77,NZ,1682283201
586,morant bay,17.8815,-76.4093,29.28,70,27,3.18,JM,1682283201
